id,height,weight,age,grade,sex_female,sex_male
1,0.16666667,0.13793103,0.0,1,1,0
2,0.7222222,0.82758623,0.8,4,0,1
5,1.0,1.0,0.4,3,0,1
6,0.5555556,0.6551724,0.6,2,0,1
7,0.8888889,0.7413793,1.0,4,0,1
8,0.0,0.0,0.2,2,1,0
9,0.22222222,0.06896552,0.4,3,1,0
